baseMean,log2FoldChange,lfcSE,stat,pvalue,padj,gene
8270.201318609652,1.5096709101974,0.42989502066146923,3.5117199261217427,0.0004452169213655391,0.00995949591553966,2310061N02Rik
26.738682681332932,1.2706123527645432,0.26033644990013244,4.880654834357472,1.0573416153975065e-06,0.00010011495609943057,A630014C17Rik
109.62346061572391,1.305972385765732,0.14047740957143182,9.296671897282202,1.4491056122021818e-20,7.272094997234615e-17,Abat
357.4876664507952,-1.0225998650441397,0.3275590941552002,-3.121879023635422,0.0017970076536039663,0.025307717703468395,Abhd12b
30.130199122392337,1.0759347411928848,0.332606959517885,3.2348533619153854,0.0012170521855512323,0.019368626483587528,AC164092.4
88.83978814908717,-1.1728894811507682,0.3474333209278693,-3.3758692977933222,0.0007358286625562681,0.013916960445709316,Adtrp
74.330887335502,-1.1364419215992665,0.28688955579818154,-3.961252330840235,7.455769085492538e-05,0.00261038612981605,AI464131
314.785980490899,1.1936958902071904,0.26657152333045764,4.477957267503833,7.536068145760003e-06,0.0004668950861498636,Alx4
133.8508364848984,-1.2119393478990605,0.32472143623177857,-3.732243124947275,0.0001897821925235697,0.005330542739631235,Aox4
211.51884323304873,1.1886750577046798,0.1711235517705549,6.9462972536853,3.74998208165841e-12,2.5661809199712438e-09,Aplp1
127.44134155369473,-2.5543443212692036,0.5703310478639079,-4.47870465905044,7.509734972945928e-06,0.0004668950861498636,Atp12a
33.71383774022082,-1.2687819558145288,0.3487823494742277,-3.637747029708228,0.0002750333583248607,0.0070180122196284375,AW551984
33.26939337188259,1.0240530422134273,0.28363766541738683,3.6104268475996752,0.0003056935117619781,0.007606968296820794,B3gat1
1951.4780924737436,1.3837020032021208,0.21298990782044572,6.496561350543455,8.217661328387874e-11,3.2557076657599855e-08,Bambi
146.3817847426485,-2.5836169156082476,0.4722289970498439,-5.471110270120803,4.472249103990578e-08,6.951678585226117e-06,BC100530
107.16394798415841,-1.049745068309007,0.26720090792968193,-3.9286732834952183,8.541579176133303e-05,0.0028962494256010557,Bglap3
178.8723204612703,1.131388131283636,0.2743910987406415,4.123268343894205,3.735341088141136e-05,0.0015407002762182138,Bmp8a
114.26368854867293,-1.0902813706365848,0.26451048747012057,-4.121883336515133,3.75787508362126e-05,0.0015451156618866964,C1qtnf2
758.906916369554,-1.5997737553520817,0.48414554176795793,-3.3043240458440986,0.0009520571776245056,0.016355410627568647,C1qtnf3
61.41098782068502,1.6283187792441727,0.24672877421682465,6.599630644673856,4.1218338671331136e-11,1.8251237902849714e-08,Cacng4
213.35210036520985,1.1295423099584154,0.22221149409248625,5.083185793657869,3.71156325223095e-07,4.109241289344111e-05,Casq2
116.01514874143895,-1.1632224445595676,0.3384636843582297,-3.4367717965523705,0.0005886913720488194,0.01202173735129259,Ccbe1
103.4707518023104,1.2107231666812754,0.2148881113485315,5.634202651246622,1.7587011867827584e-08,3.1900296827728225e-06,Ccdc68
134.36651969368958,1.6018486909713676,0.3230214855268455,4.958954010005758,7.087374128431804e-07,7.308247774215123e-05,Ccer2
279.24587744033687,-2.076879396090199,0.364500514249894,-5.69787782155592,1.2130793191351282e-08,2.2828636436974195e-06,Cd36
191.77399868067576,1.2353358795008258,0.3639140811109502,3.394581148741525,0.0006873366704753125,0.013232549327373184,Cdh6
106.4814058561097,-1.0448357149082346,0.13436402160097247,-7.7761569091102025,7.476096834250424e-15,1.013741452283294e-11,Cecr2
1938.4994014091862,1.403492261229637,0.26657687028127414,5.264868852833201,1.4028946772653713e-07,1.836572118802623e-05,Chac1
16.688168854474632,1.3907653685590056,0.46893825275449075,2.965775046906081,0.003019212385330722,0.03581894598987709,Chst13
909.138351759947,-1.6158186066702944,0.2581631776784599,-6.25890423723705,3.876918337474286e-10,1.2418511823547953e-07,Cilp
93.39836214419502,1.3841680322166166,0.40414597154156945,3.424921017861103,0.0006149781742277695,0.012345572528998526,Cldn3
82.12882313328024,1.201187851707402,0.23318661578909933,5.151186948027029,2.58843006148682e-07,3.034990119484792e-05,Clstn2
49.75619923935036,-2.3228048512192907,0.38772931095016633,-5.990789929002386,2.0882423580341283e-09,5.420429086242035e-07,Cntn2
284.7610751673678,-1.2909534789343027,0.27431732546959925,-4.706058856196345,2.5255163249977135e-06,0.00019202852663050796,Col14a1
94.28935693895785,1.0250339237717512,0.28046540253119134,3.6547606746531036,0.0002574219956469222,0.0066703754637941716,Col9a3
25.08854711720841,1.6253750984200055,0.2485808934080362,6.5386163680408576,6.209056471167345e-11,2.526414734416875e-08,Coro6
79.68713695774146,1.645369022669498,0.22847275413399504,7.201598408992433,5.951075185860703e-13,4.977413162396271e-10,Cox4i2
2719.1056776549285,1.2244869860097654,0.2895441559038904,4.229016407487825,2.347152297413073e-05,0.0011398831560501229,Cpm
40.28993587150906,1.3965752671560756,0.19752276211254557,7.070452297342459,1.5442951597924075e-12,1.107112553841652e-09,Cpn1
154.90522194195756,1.9892196747595836,0.2798188698777856,7.108954716414944,1.1692509949917246e-12,8.801536864800207e-10,Creg2
86.79861239265546,1.086186990237239,0.3256866915612774,3.3350671623402053,0.0008527879976846367,0.015175795868962418,Crip3
113.80586504067065,1.7901281091878118,0.45507093075824845,3.933734255899545,8.363624900557931e-05,0.0028423109001783214,Cryba4
776.6036929555436,1.0262958356868486,0.34196369334355325,3.0011836217237904,0.0026893234060944423,0.03315951177620953,Csdc2
37.164533956032514,1.4660115914150238,0.48099074867735064,3.0478997682311486,0.0023044677811377224,0.030116113233531607,Csf3r
1357.234269057443,-1.2994095944960702,0.43186098612203205,-3.008860805335383,0.0026222922748173963,0.03266840082087778,Cst6
64.87155692767585,2.4070764197251564,0.6928436834256917,3.4741984047882544,0.000512382013132174,0.0107585930372453,Cxcl5
194.57901735719358,-1.0563890236409652,0.30301603827081686,-3.486247888624398,0.000489846861247903,0.010539031806563218,Cybb
2761.055981494317,2.23132133429218,0.5023111001134211,4.442110345139399,8.908085392158398e-06,0.000538599299513834,Cybrd1
31.507109435246253,-1.0591745088641056,0.23879296506187708,-4.435534809786576,9.184398856098442e-06,0.0005525366982703775,D430019H16Rik
23.307032966430473,-1.1497532495373732,0.20607893910714858,-5.579188511542031,2.4164324821617573e-08,4.134021706698325e-06,Dclk3
632.294889493107,1.0886431183093275,0.10078991220047018,10.801111882546605,3.400603312992677e-27,2.5598041438552376e-23,Dok4
3469.6554293190516,1.3360259061909898,0.4416827857953944,3.0248539204104095,0.002487532410402462,0.0317371190157704,Dsg4
54.04450924436667,1.4068562458745903,0.20376812842429554,6.904201637192095,5.0486546895556e-12,3.1669790146358147e-09,Dync1i1
403.3191281310917,1.901357530548711,0.32190614472021695,5.906558671631652,3.4932792147454716e-09,8.217393527811418e-07,Efhd1
80.33220557064853,-1.47781567095963,0.4192575092739639,-3.524840076254785,0.00042373852354631893,0.009606441902369367,Egr2
731.2583251998702,1.1859913689090171,0.18932994702497277,6.264150957336844,3.748622014353184e-10,1.2268587918714606e-07,En1
318.9759295315745,1.0698493382291647,0.24835686231312112,4.307709995467449,1.6495346300345063e-05,0.0008775174507127029,Entpd3
45.252685454148775,1.1433907263143837,0.30307618314213153,3.7726182059583864,0.00016154338989039807,0.004676991797692198,Evx2
299.164119133538,1.5469604964486678,0.3276911646641235,4.720787934683163,2.3493277985013236e-06,0.00018325974096599702,F5
577.4002899494799,1.1016646320903491,0.1964290024130158,5.60846218510017,2.0413228759152507e-08,3.6155430466946e-06,Fam49a
399.38472220439417,-3.2861938885765003,0.6980860673818609,-4.707433713583795,2.508548132130611e-06,0.00019170655903160585,Far2
406.44716074908297,1.1770830917834683,0.3429057466011642,3.4326723989042414,0.0005976637755608036,0.012142818004140214,Fat3
956.3185370678403,-1.0470013508949019,0.3451540083538773,-3.033432396999542,0.0024178887830302704,0.031165509955925274,Fbn2
90.89353655101559,1.4503236424222732,0.2525058884089139,5.743722063517131,9.26177641861092e-09,1.91008279427654e-06,Fgf10
51.42081492153529,1.039328543634853,0.36842345361666023,2.8210162339888942,0.004787178023788876,0.048467360556920996,Frzb
21.87638862538422,1.5534225722493464,0.370507826834671,4.192684903637727,2.7567222457011503e-05,0.0012278832369535745,Fstl4
504.1891606399751,1.163789002891414,0.18949512910973929,6.141524631049737,8.173314849863925e-10,2.412730491464733e-07,Gldn
678.0901534969182,2.397540369185673,0.5494795001311341,4.363293568938416,1.2811883300623176e-05,0.0007251236958303832,Gm11559
2210.708934436233,1.466358592151544,0.4438524473168601,3.3037073491784335,0.000954153796976225,0.01636080343220623,Gm11562
1655.113773329081,1.5012840768290046,0.450631893281915,3.331508708572037,0.000863765974368979,0.015234234278332105,Gm11563
564.1888975024376,2.4674088138138437,0.5019951376593087,4.915204607994453,8.868978306210241e-07,8.504615821655743e-05,Gm11567
1661.1170507355284,1.9007877407464893,0.5244693123271509,3.6242115526500536,0.00028984429385645294,0.0073337913344687375,Gm11568
183.66098823596553,1.64403836205302,0.49828370883307965,3.2994021937886737,0.0009689098422782477,0.01650093155741066,Gm11571
3023.445119094496,1.2516243990071714,0.43831592126972774,2.8555303110629096,0.004296502149677267,0.04546997438101615,Gm11595
4257.107675510903,1.3577389252246985,0.4375596429185314,3.102980238690555,0.0019158243250606735,0.0264275904256896,Gm11938
56.70797435555789,1.0740999370990052,0.1778822013190305,6.038265375255922,1.5577972393099379e-09,4.2410389598144727e-07,Gm13257
26.326047579731817,1.1641255133812753,0.2806736053109544,4.147613068537588,3.3595956243138905e-05,0.0014167706477323705,Gm266
65.91568353371936,1.165965598494805,0.2685688350894566,4.3414031941064115,1.4157565319338559e-05,0.0007865023833307823,Gm37498
15229.712544208722,2.5376838159424886,0.46709362041962527,5.432923304888422,5.543823951658106e-08,8.430532282041696e-06,Gm37797
26.41718718556073,-1.13018403968812,0.3033833530174769,-3.72526715275315,0.00019510847939491462,0.005449644076605639,Gm4316
28.04580100519114,1.6547917295345553,0.21854230597088178,7.57195144520456,3.676588932749532e-14,3.459440398909013e-11,Gm765
122.90414755901598,2.7400304759812464,0.49529205960434863,5.532151026547951,3.1632735239367535e-08,5.176422054659546e-06,Golga7b
278.0335333952542,1.0162706388380092,0.35304292399634984,2.878603619452564,0.003994400348058251,0.04310589533890022,Gp5
2355.8727829589616,2.2887728878735722,0.577560838254564,3.9628256216097184,7.406788271959232e-05,0.002599281991476602,Gprc5d
54.68785105823099,1.0405732090938504,0.17239155283244748,6.036103231259914,1.5788027444603212e-09,4.2410389598144727e-07,Grin3a
704.0071435705507,1.3117154758465839,0.22602190079982512,5.803488384111486,6.494925435172914e-09,1.3580708670351142e-06,Gsta4
587.4787776495282,-1.7565115545788978,0.38634024067928535,-4.546540509190809,5.45348774900018e-06,0.0003624504280802407,H19
87.16313398023767,1.5333622846980912,0.38090251836729005,4.025602905621977,5.6829520858862816e-05,0.002091854368044449,Hdc
172.92511114361733,1.2331788023900074,0.3649184179304178,3.3793273833198207,0.0007266342225227589,0.013760349962364948,Htra4
20.04419240716944,1.2205984437084965,0.35266010556601946,3.461118579742486,0.0005379358064836979,0.011216930147662148,Ifitm1
9528.565311042426,1.4226877634561363,0.18712565830716857,7.602847072531233,2.8968574469084134e-14,2.9074792575470773e-11,Igfbp5
56.741875993735825,-1.1992380910732456,0.30329002737529454,-3.9540966824777746,7.682434202059095e-05,0.0026588286646436706,Ikzf2
49.802232135840164,1.3208763510172263,0.443341938223603,2.979362512623455,0.0028884882378484825,0.03490063436662031,Il11
420.68301633182136,1.5042582497238133,0.18782483583815415,8.008835695296495,1.1579949353931002e-15,2.490516250334732e-12,Il12rb2
81.73164164042389,2.9152354848359554,0.6333084231347291,4.603184449065463,4.160794201150037e-06,0.0002927138163472608,Il1b
39.47743194247585,-1.0786234568961666,0.21435601839246007,-5.031925228809469,4.855786591875772e-07,5.154677835072918e-05,Il7r
32.391495186081805,-1.877756365190793,0.3491069948698731,-5.378741740453272,7.500821611060944e-08,1.0963579548982767e-05,Irx1
108.1055680888598,-1.0406130030489398,0.27577634045195104,-3.7733947783321438,0.00016104115641230344,0.004671434700938783,Itgax
833.1697486772924,-1.2171528516795265,0.2474407253859056,-4.918967359884956,8.700197433867265e-07,8.450417572056237e-05,Itgbl1
423.52223001401694,-1.1582807171243212,0.3191804072791385,-3.6289217342571702,0.00028460750333352973,0.00721341071159308,Ivl
4923.910975235466,1.4338552642399174,0.2598683133550361,5.517622544003517,3.436164696119267e-08,5.562522526889846e-06,Kif26a
74.1694758401161,-1.9441010448767198,0.5676769391457684,-3.4246609485355757,0.000615567109067797,0.012345572528998526,Klk6
78.23565907447745,1.6496943338691918,0.4946280135385778,3.335222204798407,0.0008523126398247577,0.015175795868962418,Krt32
6070.854816544556,2.505541338869046,0.578133880073217,4.333842774534742,1.465288419311617e-05,0.0008110263659094262,Krt33a
4862.0709686339105,1.7454910223303415,0.5583859496502602,3.1259579927174266,0.0017722686558236812,0.025053055975047436,Krt35
61686.383592769904,2.435178620908857,0.3804426950392241,6.400907817819413,1.544558094029044e-10,5.813330526401815e-08,Krt42
54497.51279912526,1.305376506169232,0.45756265238373367,2.8528912912115945,0.004332343918179503,0.04577083346539819,Krt81
32695.42290365187,1.3023161426368346,0.4434235432161524,2.9369575940671333,0.0033144942360972514,0.03830981849130018,Krt83
33386.76450204172,1.5582353994100717,0.46800741394997636,3.3295100739079873,0.000869989169633569,0.015301036155179184,Krt86
64295.01741554544,2.56036340286423,0.35799796639095693,7.15189370675963,8.558883484845602e-13,6.781788992860554e-10,Krt90
14894.38932368566,1.7510298035537035,0.4680999084616135,3.7407181071843696,0.00018349523297244447,0.005182965726829553,Krtap11-1
10164.736209546138,1.344591747590008,0.4206807325963934,3.1962285015796694,0.0013923679580562808,0.021302946756643605,Krtap13-1
9461.78587876912,1.6533764159693864,0.4806619015768919,3.4397908603640275,0.0005821638618983941,0.011924458422966426,Krtap1-3
3798.4553745231606,2.306555481798942,0.6022222759055276,3.8300733368434523,0.0001281050742128864,0.003904092899342115,Krtap16-3
2496.2817960050083,1.2877047853956445,0.4319256422222134,2.981311271010757,0.0028701689657732268,0.03484846256958044,Krtap2-4
4905.814507386179,1.2054064205709234,0.41813868396886744,2.8827909657377506,0.003941689145718831,0.04272291583066739,Krtap3-1
945.1826350528081,1.6207647037645727,0.40078204192940997,4.044005305133005,5.254572930599238e-05,0.0019876280268887317,Krtap3-2
4216.7817893003785,1.5742730000327663,0.4870833908688068,3.232039994680886,0.001229098519824073,0.01943860049773522,Krtap3-3
2952.937619166892,1.3377703180305698,0.43235331497754664,3.0941599652128127,0.001973710370540538,0.026988382950488464,Krtap4-1
28593.42233327036,1.2742116548635447,0.45071626629089767,2.827081581389284,0.004697435894991312,0.04804340855916726,Krtap7-1
17024.689479885015,1.3375000608164582,0.471019982817533,2.83958241604919,0.004517262445942525,0.04693401388796737,Krtap8-1
1118.0083757110438,2.407528624003111,0.5435936068405222,4.428912690854041,9.470935085954032e-06,0.0005654862649850255,Krtap9-1
9265.295485765148,1.3152730960383983,0.46340333959991453,2.8382900675121525,0.00453559440731718,0.04702711694363647,Krtap9-3
146.80352038737075,1.5310253205873485,0.3263095317247899,4.6919417661345495,2.706241663121777e-06,0.00020269884695670823,Lef1
20.506351829370328,1.8335176434303886,0.3699081602184942,4.956683416628014,7.170667365967703e-07,7.343836543853318e-05,Lingo3
417.70251229537416,-1.0698425390952464,0.20440385148480378,-5.233964679842556,1.6591216979223612e-07,2.1348783899334316e-05,Lrig1
48115.04689475767,1.37262231061624,0.29043374674927835,4.726111638125781,2.2885985991466312e-06,0.00017981356451675834,Lrrc15
32.62983286426448,1.2551031218064281,0.14420284381343929,8.703733495229837,3.211406727824751e-18,8.057954714566937e-15,Lrrc3
22.8111414034326,1.4421478757218762,0.29205343775718445,4.937958911892315,7.894446982606716e-07,7.87092048497643e-05,Lrrc66
31.27678935135278,1.431712127230452,0.23729873415425276,6.033374481887406,1.6057072116202256e-09,4.2410389598144727e-07,Lrrn2
1195.637187888227,1.8737742529812327,0.3414958207029271,5.486961009140021,4.089073446305998e-08,6.480105340435453e-06,Mal
101.34425642604903,-2.022610156930475,0.3222207522144458,-6.277094640957137,3.449581267035541e-10,1.1540765772271127e-07,Matn4
1080.6938824348501,-1.3310526218511267,0.40097121035408995,-3.3195715489790394,0.0009015569851981449,0.01567314135353126,Mgll
485.6157413737499,-1.0643475772982909,0.24947133060947446,-4.266412395757145,1.9864144378089133e-05,0.0010001829217797054,Mgst1
47.95648290808001,-1.720471616890703,0.3405028424691853,-5.052737899086413,4.3552136939470164e-07,4.717103752688657e-05,Mill1
141.72617422278526,-1.7507972196317545,0.265972684349354,-6.582620406733534,4.622281946915372e-11,1.9882415631660268e-08,Mmp11
95.28278134092714,-2.1537970796670116,0.6287904135140222,-3.425302029702432,0.0006141163080862678,0.012345572528998526,Mmp12
370.46550703969024,1.2147792705444547,0.23787538976464703,5.1067883556443245,3.27680411392869e-07,3.7372943890300326e-05,Msi1
582.0744334739674,1.6533131627984283,0.24786428375438754,6.6702355730958045,2.553931426209052e-11,1.2015449256742899e-08,Msx2
566.9640947932903,2.0910880116633948,0.26181536644071585,7.986880373337025,1.3839626985978264e-15,2.6044448034237847e-12,Mtcl1
16.08443616508403,1.8367571311717583,0.3227905938195686,5.690243663662817,1.2685821741428262e-08,2.357840077990154e-06,Mypn
41.330537929837085,1.6470083023003175,0.47402090495021976,3.4745478207828855,0.0005117151446200008,0.0107585930372453,Nlrp3
28.10576325162729,1.3689472361995332,0.3905417115747189,3.5052523088500487,0.00045617474827090325,0.010046026398483753,Nos1
125.00132918504103,1.7912874139564052,0.3781175014460593,4.737382975148912,2.1649579835992802e-06,0.00017429648365287255,Nrcam
81.7835247588115,1.2039474025714518,0.3695630844491409,3.257758832611807,0.001122957970296749,0.018394611015639245,Nrxn1
126.94778721309511,-1.416745098611655,0.49924971087653147,-2.8377484608339163,0.00454329711653741,0.04707456165827303,Oas1f
52.049049406293875,-1.088802330057999,0.2709999765732093,-4.017721122436571,5.8763683899052264e-05,0.0021536274340497527,Olig1
33.25013379936035,-1.7280516637416368,0.292553596272061,-5.906786605127324,3.4884514559091172e-09,8.217393527811418e-07,Osr2
45.37052316650958,-1.0808560615152902,0.2952378104723349,-3.6609676104361006,0.00025126452491344595,0.006563385170111521,Padi1
162.50263459640396,-2.080655421998186,0.30235008723418166,-6.881610126299184,5.9179797509028515e-12,3.5638074059936973e-09,Pamr1
179.2982651664008,2.2956099353819663,0.35425699846963776,6.480069399613331,9.168043899635131e-11,3.5391000233078694e-08,Pappa2
31.35295194622998,1.0290811929041155,0.2418903115577919,4.254329932756524,2.0967594869886793e-05,0.0010418057451027911,Pax9
180.3812756637037,-1.772798240698857,0.5363939119290928,-3.305030503279104,0.000949660638028823,0.016339589606313064,Pck1
87.81522722733787,1.155622448203007,0.27643238089711053,4.1804887128369215,2.9088325076826894e-05,0.0012842367566909937,Pgbd5
45.58183338204193,1.7065746138580125,0.2783646399136726,6.130716223106718,8.748432927779185e-10,2.4850501458059557e-07,Pirt
93.70719615578192,-1.7274510653995154,0.33156635454445876,-5.209970920520184,1.888702315483543e-07,2.3695344466337283e-05,Pou3f1
41.29728065612719,1.4611444659684572,0.45883079505234664,3.184495203295497,0.0014500671406658104,0.02191843454088732,Ppbp
42.81126146955066,1.004518691341645,0.3091031917455325,3.249784273235876,0.0011549258316804964,0.018690420235923638,Prtg
173.5959858250425,1.2091783627954302,0.2869030825881361,4.214588257077972,2.5023428530142063e-05,0.001152864151482268,Ptgs2
138.61901315776973,-1.564843264528296,0.46570704741883767,-3.360145123852808,0.0007790154009015556,0.01433750227453902,Rdh1
79.31912232790596,-1.0945035100853122,0.23025621485703424,-4.75341571459814,2.000085055904433e-06,0.0001654465962452815,Rian
115.71723094364616,1.0104514568820095,0.27053984393868097,3.7349450719393205,0.00018775616287901247,0.005283493518025295,Rnaset2b
30.505613724795026,1.1866477403833928,0.30555701958172443,3.883555815565256,0.0001029398876459302,0.0033496097763163384,Rorb
31.16769125749738,1.5049334573592938,0.24117217290583604,6.240079190010386,4.3734942572308295e-10,1.3713442675119538e-07,Ryr2
3544.515774969179,1.527978379386089,0.4274171005519,3.574911666877847,0.0003503461607193138,0.008466230256226757,S100a3
433.11136235776047,1.020646974932229,0.3369538543617497,3.029040806983838,0.0024533154269327667,0.031426067261062306,S100a7a
1400.886341264665,-1.0575225332619456,0.3296711834320625,-3.2078100434880024,0.0013374980791747335,0.020758797507191354,Sdr16c6
43.000292654692714,1.8445017842645666,0.4786221794646044,3.8537741529819205,0.00011631089154386846,0.0036709863148698947,Serpina3e-ps
69.72099499417855,-1.2637832692716233,0.3796888920011833,-3.328470481742945,0.000873242583067919,0.015340334991934096,Sgpp2
44.2053410218787,1.4432376566699507,0.2646772940518713,5.452820053340525,4.9577231617422093e-08,7.616175734696833e-06,Shisa8
165.66037082275486,-1.7196977625590004,0.30170278828935926,-5.699973050662232,1.1982636922857262e-08,2.2828636436974195e-06,Skint1
143.58416338497503,-1.3552314786520323,0.3523930671784446,-3.845794951368243,0.00012016222098893695,0.0037454290620878793,Skint3
20.948763947600288,-1.1997569768848222,0.3392407215265776,-3.5365948152861355,0.00040532098159204785,0.009316194470027909,Slamf7
198.94405111450678,-1.1228576620261,0.23537029199086348,-4.770600624779301,1.8367740001545618e-06,0.00015711723052458482,Slc16a14
81.68508504754512,1.3760248728274052,0.3200058125259106,4.299999621775587,1.7079840091911597e-05,0.0009022350616972951,Slc26a4
49.86495529751386,2.959683547922981,0.4712006851738829,6.281152895248435,3.360714237436732e-10,1.1498989282865911e-07,Slc26a7
219.22586249708579,1.5502908792312922,0.5190678322872072,2.986682631439768,0.0028202232994484267,0.034447301653276356,Slpi
42.9650507667925,-1.2630673488595787,0.2738114019743186,-4.61290998019887,3.97070301483063e-06,0.0002846615899441673,Smoc1
85.97668007420803,-1.2487820985177598,0.20345552096865924,-6.137862922432689,8.3638982921223e-10,2.421509399767331e-07,Sox11
12029.60351663469,1.148782870772784,0.23661967592481448,4.8549760973293195,1.2040126557397519e-06,0.00011189142303803681,Spink12
6254.683366758145,1.3083935350196485,0.38805487942945904,3.3716713907664944,0.0007471353510859286,0.014054878559680713,Spink6
186.88325006776526,1.0000472185016382,0.33797869110786394,2.958906122819675,0.00308733136146698,0.03633962686192552,Spock1
54.199129538024465,-2.4142372569457122,0.3599566725949154,-6.707021818880473,1.9863657221288877e-11,9.968245315550134e-09,Stfa3
154.25624663733907,1.6807253637105524,0.21462393422697124,7.831024856403642,4.8390898252958666e-15,8.094721924425475e-12,Susd5
758.3269483525659,1.1708180866364957,0.16892739499904832,6.930895291690798,4.181855046148101e-12,2.737296857380855e-09,Tcf7
946.0943700056526,-1.188105270225506,0.28798141188371124,-4.125631798434513,3.697183754114967e-05,0.0015364812795996303,Thbs4
71.53503589791903,1.5311770027974474,0.20990367113157574,7.294665188764833,2.9940268030560627e-13,2.6514749129417075e-10,Tmem151a
15.562145939895359,1.1746149775268835,0.3247191202947883,3.6173261878159133,0.00029766208742333547,0.00749381726782327,Tmem200c
173.10754436193727,-1.0181111059295709,0.3290104822493225,-3.094464039471093,0.001971688350081619,0.026988382950488464,Tmprss11f
51.66438242729024,1.8768314339340955,0.337666408814527,5.558241462404392,2.7250622717831474e-08,4.558423611299476e-06,Trpm2
18.335424177709903,1.3558995458068677,0.4291242345087842,3.1596899843211075,0.0015793709311410786,0.0231240742107684,Tubb1
25.96719338844768,-1.3419210259097862,0.2830495288246102,-4.740940680884507,2.127282145582866e-06,0.0001721840467836024,Twist2
37.27389570513119,-1.475305516897251,0.408067666357041,-3.6153452932642414,0.00029994755891087337,0.007527829415151122,Ugt1a1
1250.3107567004479,1.3440068979780373,0.4570140730326874,2.94084356978195,0.0032731978695954766,0.03793533019765966,Vsig8
1592.9253705563044,1.9156706004064712,0.17646480018157842,10.855822795454324,1.871139735167471e-27,2.5598041438552376e-23,Wfdc18
51.82246900387838,1.808227577860023,0.34672912423704905,5.2151015056462,1.8371660456909134e-07,2.3355882328278995e-05,Zic2
